{"source_fps": 60.4698145638373, "start_frame": 95, "end_frame": 233, "start_time_s": 1.5710317732115677, "end_time_s": 3.853162138508371, "extract_frame_count": 139, "need_rotate": false, "rotation_type": "none"}