{"source_fps": 59.94180407371484, "start_frame": 96, "end_frame": 170, "start_time_s": 1.6015533980582524, "end_time_s": 2.8360841423948218, "extract_frame_count": 75, "need_rotate": true, "rotation_type": "counterclockwise"}