{"source_fps": 59.329144812331926, "start_frame": 53, "end_frame": 506, "start_time_s": 0.8933214892553722, "end_time_s": 8.528691954022989, "extract_frame_count": 454, "need_rotate": true, "rotation_type": "counterclockwise"}